"id","intentional_cause"
10310,"0"
10311,"0"
10312,"0"
10313,"0"
10314,"0"
10315,"0"
10316,"0"
10317,"0"
10318,"0"
10319,"0"
10320,"0"
10321,"0"
10322,"0"
10323,"0"
10324,"0"
10325,"0"
10326,"0"
10327,"0"
10328,"0"
10329,"0"
10330,"0"
10331,"0"
10332,"0"
10333,"0"
10334,"0"
10335,"0"
10336,"0"
10337,"0"
10338,"1"
10339,"0"
10340,"0"
10341,"0"
10342,"0"
10343,"0"
10344,"1"
10345,"1"
10346,"1"
10347,"0"
10348,"1"
10349,"0"
10350,"0"
10351,"0"
10352,"0"
10353,"0"
10354,"0"
10355,"0"
10356,"0"
10357,"0"
10358,"0"
10359,"0"
10360,"0"
10361,"0"
10362,"0"
10363,"0"
10364,"0"
10365,"0"
10366,"1"
10367,"0"
10368,"0"
10369,"0"
10370,"0"
10371,"0"
10372,"0"
10373,"0"
10374,"0"
10375,"0"
10376,"0"
10377,"0"
10378,"0"
10379,"0"
10380,"0"
10381,"1"
10382,"0"
10383,"0"
10384,"0"
10385,"0"
10386,"0"
10387,"0"
10388,"0"
10389,"0"
10390,"0"
10391,"0"
10392,"1"
10393,"0"
10394,"0"
10395,"0"
10396,"0"
10397,"1"
10398,"1"
10399,"1"
10400,"0"
10401,"0"
10402,"0"
10403,"0"
10404,"0"
10405,"1"
10406,"0"
10407,"1"
10408,"0"
10409,"0"
10410,"0"
10411,"0"
10412,"0"
10413,"0"
10414,"0"
10415,"1"
10416,"0"
10417,"0"
10418,"0"
10419,"0"
10420,"0"
10421,"1"
10422,"0"
10423,"1"
10424,"0"
10425,"0"
10426,"1"
10427,"0"
10428,"0"
10429,"0"
10430,"0"
10431,"0"
10432,"0"
10433,"0"
10434,"0"
10435,"0"
10436,"0"
10437,"0"
10438,"0"
10439,"0"
10440,"0"
10441,"0"
10442,"0"
10443,"0"
10444,"0"
10445,"0"
10446,"0"
10447,"0"
10448,"0"
10449,"0"
10450,"0"
10451,"0"
10452,"0"
10453,"0"
10454,"0"
10455,"0"
10456,"0"
10457,"0"
10458,"0"
10459,"0"
10460,"0"
10461,"0"
10462,"0"
10463,"0"
10464,"0"
10465,"0"
10466,"0"
10467,"0"
10468,"0"
10469,"0"
10470,"0"
10471,"0"
10472,"0"
10473,"1"
10474,"1"
10475,"0"
10476,"0"
10477,"0"
10478,"0"
10479,"0"
10480,"0"
10481,"1"
10482,"0"
10483,"1"
10484,"0"
10485,"0"
10486,"0"
10487,"1"
10488,"0"
10489,"0"
10490,"1"
10491,"1"
10492,"1"
10493,"1"
10494,"0"
10495,"0"
10496,"0"
10497,"0"
10498,"0"
10499,"0"
10500,"0"
10501,"0"
10502,"0"
10503,"0"
10504,"0"
10505,"0"
10506,"0"
10507,"1"
10508,"0"
10509,"0"
10510,"0"
10511,"0"
10512,"0"
10513,"0"
10514,"1"
10515,"0"
10516,"0"
10517,"0"
10518,"0"
10519,"1"
10520,"0"
10521,"0"
10522,"1"
10523,"0"
10524,"0"
10525,"1"
10526,"0"
10527,"0"
10528,"0"
10529,"1"
10530,"0"
10531,"0"
10532,"1"
10533,"0"
10534,"0"
10535,"0"
10536,"0"
10537,"0"
10538,"0"
10539,"0"
10540,"0"
10541,"0"
10542,"0"
10543,"0"
10544,"0"
10545,"0"
10546,"0"
10547,"0"
10548,"0"
10549,"0"
10550,"0"
10551,"0"
10552,"0"
10553,"1"
10554,"0"
10555,"1"
10556,"0"
10557,"1"
10558,"0"
10559,"1"
10560,"1"
10561,"1"
10562,"1"
10563,"0"
10564,"0"
10565,"0"
10566,"1"
10567,"1"
10568,"1"
10569,"0"
10570,"1"
10571,"0"
10572,"0"
10573,"0"
10574,"0"
10575,"0"
10576,"0"
10577,"0"
10578,"0"
10579,"0"
10580,"0"
10581,"0"
10582,"0"
10583,"0"
10584,"0"
10585,"1"
10586,"0"
10587,"0"
10588,"1"
10589,"0"
10590,"0"
10591,"0"
10592,"1"
10593,"0"
10594,"0"
10595,"0"
10596,"0"
10597,"1"
10598,"0"
10599,"0"
10600,"0"
10601,"0"
10602,"0"
10603,"0"
10604,"0"
10605,"1"
10606,"0"
10607,"1"
10608,"0"
10609,"0"
10610,"0"
10611,"0"
10612,"1"
10613,"0"
10614,"0"
10615,"0"
10616,"0"
10617,"1"
10618,"0"
10619,"0"
10620,"0"
10621,"0"
10622,"0"
10623,"1"
10624,"0"
10625,"1"
10626,"1"
10627,"1"
10628,"0"
10629,"0"
10630,"1"
10631,"0"
10632,"0"
10633,"0"
10634,"1"
10635,"0"
10636,"0"
10637,"0"
10638,"0"
10639,"0"
10640,"0"
10641,"0"
10642,"0"
10643,"0"
10644,"0"
10645,"0"
10646,"0"
10647,"0"
10648,"0"
10649,"0"
10650,"0"
10651,"0"
10652,"0"
10653,"0"
10654,"0"
10655,"0"
10656,"0"
10657,"0"
10658,"0"
10659,"0"
10660,"0"
10661,"1"
10662,"0"
10663,"0"
10664,"0"
10665,"0"
10666,"0"
10667,"0"
10668,"1"
10669,"1"
10670,"0"
10671,"0"
10672,"0"
10673,"1"
10674,"0"
10675,"0"
10676,"0"
10677,"1"
10678,"0"
10679,"0"
10680,"0"
10681,"0"
10682,"1"
10683,"0"
10684,"1"
10685,"0"
10686,"0"
10687,"0"
10688,"0"
10689,"0"
10690,"0"
10691,"0"
10692,"0"
10693,"0"
10694,"0"
10695,"0"
10696,"0"
10697,"0"
10698,"0"
10699,"0"
10700,"1"
10701,"1"
10702,"0"
10703,"0"
10704,"0"
10705,"0"
10706,"1"
10707,"0"
10708,"0"
10709,"0"
10710,"0"
10711,"1"
10712,"1"
10713,"0"
10714,"0"
10715,"0"
10716,"0"
10717,"1"
10718,"0"
10719,"0"
10720,"0"
10721,"0"
10722,"0"
10723,"0"
10724,"0"
10725,"0"
10726,"0"
10727,"0"
10728,"0"
10729,"0"
10730,"0"
10731,"0"
10732,"0"
10733,"0"
10734,"1"
10735,"0"
10736,"1"
10737,"0"
10738,"0"
10739,"0"
10740,"0"
10741,"1"
10742,"0"
10743,"0"
10744,"0"
10745,"0"
10746,"0"
10747,"1"
10748,"1"
10749,"0"
10750,"0"
10751,"0"
10752,"0"
10753,"1"
10754,"0"
10755,"0"
10756,"0"
10757,"0"
10758,"1"
10759,"0"
10760,"0"
10761,"1"
10762,"0"
10763,"0"
10764,"0"
10765,"0"
10766,"0"
10767,"0"
10768,"0"
10769,"0"
10770,"0"
10771,"0"
10772,"0"
10773,"0"
10774,"0"
10775,"0"
10776,"0"
10777,"0"
10778,"0"
10779,"0"
10780,"0"
10781,"0"
10782,"0"
10783,"0"
10784,"0"
10785,"0"
10786,"0"
10787,"0"
10788,"1"
10789,"0"
10790,"0"
10791,"0"
10792,"0"
10793,"0"
10794,"0"
10795,"0"
10796,"0"
10797,"0"
10798,"0"
10799,"0"
10800,"0"
10801,"0"
10802,"0"
10803,"0"
10804,"0"
10805,"0"
10806,"0"
10807,"0"
10808,"1"
10809,"0"
10810,"1"
10811,"0"
10812,"0"
10813,"0"
10814,"0"
10815,"0"
10816,"1"
10817,"0"
10818,"0"
10819,"0"
10820,"0"
10821,"0"
10822,"0"
10823,"0"
10824,"0"
10825,"0"
10826,"0"
10827,"1"
10828,"0"
10829,"0"
10830,"0"
10831,"0"
10832,"0"
10833,"1"
10834,"0"
10835,"1"
10836,"0"
10837,"0"
10838,"0"
10839,"0"
10840,"0"
10841,"0"
10842,"0"
10843,"1"
10844,"1"
10845,"0"
10846,"1"
10847,"0"
10848,"0"
10849,"0"
10850,"0"
10851,"1"
10852,"0"
10853,"0"
10854,"0"
10855,"0"
10856,"0"
10857,"1"
10858,"0"
10859,"0"
10860,"0"
10861,"1"
10862,"0"
10863,"0"
10864,"0"
10865,"0"
10866,"0"
10867,"0"
10868,"0"
10869,"0"
10870,"0"
10871,"1"
10872,"0"
10873,"0"
10874,"1"
10875,"0"
10876,"0"
10877,"1"
10878,"1"
10879,"0"
10880,"0"
10881,"1"
10882,"0"
10883,"0"
10884,"0"
10885,"0"
10886,"0"
10887,"1"
10888,"0"
10889,"0"
10890,"0"
10891,"0"
10892,"0"
10893,"0"
10894,"0"
10895,"0"
10896,"0"
10897,"1"
10898,"0"
10899,"1"
10900,"0"
10901,"0"
10902,"0"
10903,"1"
10904,"0"
10905,"1"
10906,"0"
10907,"1"
10908,"1"
10909,"1"
10910,"0"
10911,"1"
10912,"1"
10913,"0"
10914,"0"
10915,"0"
10916,"1"
10917,"0"
10918,"0"
10919,"0"
10920,"0"
10921,"0"
10922,"0"
10923,"0"
10924,"0"
10925,"0"
10926,"0"
10927,"0"
10928,"0"
10929,"1"
10930,"0"
10931,"0"
10932,"1"
10933,"0"
10934,"0"
10935,"1"
10936,"0"
10937,"1"
10938,"0"
10939,"1"
10940,"1"
10941,"0"
10942,"0"
10943,"1"
10944,"1"
10945,"0"
10946,"0"
10947,"1"
10948,"0"
10949,"0"
10950,"0"
10951,"0"
10952,"0"
10953,"0"
10954,"0"
10955,"0"
10956,"0"
10957,"0"
10958,"0"
10959,"0"
10960,"0"
10961,"1"
10962,"0"
10963,"0"
10964,"1"
10965,"1"
10966,"0"
10967,"0"
10968,"0"
10969,"0"
10970,"0"
10971,"0"
10972,"0"
10973,"0"
10974,"0"
10975,"0"
10976,"0"
10977,"0"
10978,"0"
10979,"0"
10980,"0"
10981,"0"
10982,"0"
10983,"0"
10984,"1"
10985,"0"
10986,"0"
10987,"1"
10988,"1"
10989,"1"
10990,"1"
10991,"0"
10992,"0"
10993,"1"
10994,"0"
10995,"1"
10996,"1"
10997,"1"
10998,"0"
10999,"0"
11000,"1"
11001,"0"
11002,"0"
11003,"0"
11004,"0"
11005,"1"
11006,"1"
11007,"1"
11008,"1"
11009,"0"
11010,"1"
11011,"0"
11012,"1"
11013,"0"
11014,"0"
11015,"0"
11016,"0"
11017,"0"
11018,"0"
11019,"0"
11020,"0"
11021,"0"
11022,"1"
11023,"1"
11024,"0"
11025,"0"
11026,"0"
11027,"0"
11028,"0"
11029,"0"
11030,"0"
11031,"0"
11032,"1"
11033,"1"
11034,"0"
11035,"0"
11036,"0"
11037,"0"
11038,"0"
11039,"0"
11040,"0"
11041,"0"
11042,"0"
11043,"0"
11044,"1"
11045,"0"
11046,"0"
11047,"0"
11048,"1"
11049,"1"
11050,"0"
11051,"0"
11052,"0"
11053,"0"
11054,"0"
11055,"0"
11056,"1"
11057,"0"
11058,"0"
11059,"0"
11060,"0"
11061,"0"
11062,"0"
11063,"1"
11064,"1"
11065,"0"
11066,"0"
11067,"0"
11068,"0"
11069,"0"
11070,"0"
11071,"0"
11072,"1"
11073,"0"
11074,"1"
11075,"1"
11076,"1"
11077,"1"
11078,"0"
11079,"0"
11080,"1"
11081,"0"
11082,"1"
11083,"1"
11084,"1"
11085,"0"
11086,"0"
11087,"0"
11088,"0"
11089,"0"
11090,"1"
11091,"0"
11092,"0"
11093,"1"
11094,"1"
11095,"1"
11096,"1"
11097,"1"
11098,"1"
11099,"1"
11100,"1"
11101,"1"
11102,"0"
11103,"1"
11104,"0"
11105,"0"
11106,"0"
11107,"1"
11108,"0"
11109,"1"
11110,"0"
11111,"0"
11112,"0"
11113,"1"
11114,"1"
11115,"1"
11116,"1"
11117,"1"
11118,"0"
11119,"0"
11120,"1"
11121,"0"
11122,"0"
11123,"0"
11124,"0"
11125,"1"
11126,"0"
11127,"1"
11128,"0"
11129,"0"
11130,"0"
11131,"0"
11132,"0"
11133,"0"
11134,"0"
11135,"0"
11136,"0"
11137,"0"
11138,"0"
11139,"0"
11140,"1"
11141,"1"
11142,"1"
11143,"0"
11144,"0"
11145,"1"
11146,"1"
11147,"1"
11148,"1"
11149,"1"
11150,"1"
11151,"0"
11152,"0"
11153,"0"
11154,"0"
11155,"0"
11156,"0"
11157,"0"
11158,"0"
11159,"0"
11160,"0"
11161,"0"
11162,"0"
11163,"0"
11164,"0"
11165,"0"
11166,"0"
11167,"1"
11168,"0"
11169,"0"
11170,"0"
11171,"1"
11172,"0"
11173,"0"
11174,"0"
11175,"0"
11176,"0"
11177,"0"
11178,"0"
11179,"1"
11180,"1"
11181,"0"
11182,"0"
11183,"0"
11184,"0"
11185,"0"
11186,"0"
11187,"0"
11188,"0"
11189,"0"
11190,"0"
11191,"1"
11192,"0"
11193,"1"
11194,"0"
11195,"1"
11196,"0"
11197,"1"
11198,"0"
11199,"1"
11200,"0"
11201,"1"
11202,"0"
11203,"0"
11204,"1"
11205,"1"
11206,"1"
11207,"1"
11208,"0"
11209,"0"
11210,"0"
11211,"0"
11212,"0"
11213,"0"
11214,"0"
11215,"1"
11216,"1"
11217,"1"
11218,"0"
11219,"0"
11220,"0"
11221,"0"
11222,"1"
11223,"0"
11224,"1"
11225,"0"
11226,"0"
11227,"0"
11228,"0"
11229,"1"
11230,"0"
11231,"0"
11232,"1"
11233,"0"
11234,"1"
11235,"0"
11236,"0"
11237,"0"
11238,"1"
11239,"0"
11240,"0"
11241,"0"
11242,"0"
11243,"1"
11244,"0"
11245,"0"
11246,"0"
11247,"1"
11248,"0"
11249,"0"
11250,"0"
11251,"0"
11252,"0"
11253,"1"
11254,"1"
11255,"0"
11256,"1"
11257,"0"
11258,"0"
11259,"0"
11260,"0"
11261,"0"
11262,"0"
11263,"0"
11264,"0"
11265,"0"
11266,"1"
11267,"0"
11268,"0"
11269,"0"
11270,"0"
11271,"1"
11272,"1"
11273,"0"
11274,"0"
11275,"1"
11276,"0"
11277,"0"
11278,"0"
11279,"0"
11280,"0"
11281,"0"
11282,"0"
11283,"0"
11284,"0"
11285,"0"
11286,"1"
11287,"0"
11288,"0"
11289,"0"
11290,"0"
11291,"0"
11292,"0"
11293,"0"
11294,"0"
11295,"0"
11296,"1"
11297,"1"
11298,"0"
11299,"1"
11300,"0"
11301,"0"
11302,"1"
11303,"0"
11304,"0"
11305,"1"
11306,"1"
11307,"1"
11308,"0"
11309,"0"
11310,"0"
11311,"0"
11312,"1"
11313,"0"
11314,"0"
11315,"0"
11316,"1"
11317,"0"
11318,"0"
11319,"0"
11320,"1"
11321,"1"
11322,"1"
11323,"0"
11324,"0"
11325,"0"
11326,"1"
11327,"0"
11328,"0"
11329,"0"
11330,"0"
11331,"0"
11332,"1"
11333,"1"
11334,"0"
11335,"0"
11336,"0"
11337,"0"
11338,"1"
11339,"1"
11340,"1"
11341,"0"
11342,"1"
11343,"0"
11344,"0"
11345,"0"
11346,"0"
11347,"0"
11348,"1"
11349,"1"
11350,"0"
11351,"0"
11352,"0"
11353,"0"
11354,"0"
11355,"0"
11356,"0"
11357,"0"
11358,"0"
11359,"1"
11360,"0"
11361,"0"
11362,"0"
11363,"0"
11364,"1"
11365,"0"
11366,"1"
11367,"0"
11368,"0"
11369,"0"
11370,"0"
11371,"0"
11372,"0"
11373,"1"
11374,"0"
11375,"1"
11376,"0"
11377,"0"
11378,"1"
11379,"0"
11380,"1"
11381,"1"
11382,"0"
11383,"0"
11384,"0"
11385,"0"
11386,"1"
11387,"0"
11388,"1"
11389,"0"
11390,"0"
11391,"0"
11392,"0"
11393,"0"
11394,"1"
11395,"1"
11396,"0"
11397,"0"
11398,"0"
11399,"0"
11400,"0"
11401,"0"
11402,"1"
11403,"0"
11404,"0"
11405,"0"
11406,"0"
11407,"0"
11408,"1"
11409,"0"
11410,"0"
11411,"0"
11412,"0"
11413,"0"
11414,"1"
11415,"0"
11416,"1"
11417,"1"
11418,"0"
11419,"0"
11420,"0"
11421,"0"
11422,"0"
11423,"0"
11424,"0"
11425,"0"
11426,"0"
11427,"0"
11428,"0"
11429,"0"
11430,"0"
11431,"0"
11432,"1"
11433,"0"
11434,"0"
11435,"0"
11436,"0"
11437,"0"
11438,"0"
11439,"0"
11440,"0"
11441,"0"
11442,"1"
11443,"0"
11444,"0"
11445,"0"
11446,"0"
11447,"1"
11448,"1"
11449,"0"
11450,"1"
11451,"0"
11452,"1"
11453,"0"
11454,"0"
11455,"0"
11456,"0"
11457,"0"
11458,"0"
11459,"1"
11460,"0"
11461,"1"
11462,"0"
11463,"0"
11464,"0"
11465,"0"
11466,"1"
11467,"1"
11468,"0"
11469,"0"
11470,"0"
11471,"0"
11472,"0"
11473,"1"
11474,"0"
11475,"0"
11476,"0"
11477,"0"
11478,"1"
11479,"0"
11480,"0"
11481,"0"
11482,"0"
11483,"0"
11484,"0"
11485,"0"
11486,"0"
11487,"0"
11488,"0"
11489,"0"
11490,"0"
11491,"0"
11492,"0"
11493,"0"
11494,"1"
11495,"0"
11496,"0"
11497,"0"
11498,"0"
11499,"0"
11500,"0"
11501,"0"
11502,"0"
11503,"0"
11504,"1"
11505,"1"
11506,"0"
11507,"0"
11508,"0"
11509,"0"
11510,"0"
11511,"0"
11512,"0"
11513,"0"
11514,"0"
11515,"0"
11516,"0"
11517,"0"
11518,"0"
11519,"0"
11520,"0"
11521,"0"
11522,"0"
11523,"0"
11524,"0"
11525,"1"
11526,"1"
11527,"0"
11528,"0"
11529,"0"
11530,"0"
11531,"0"
11532,"0"
11533,"0"
11534,"0"
11535,"0"
11536,"0"
11537,"1"
11538,"0"
11539,"0"
11540,"0"
11541,"0"
11542,"0"
11543,"0"
11544,"0"
11545,"0"
11546,"0"
11547,"0"
11548,"0"
11549,"1"
11550,"0"
11551,"0"
11552,"0"
11553,"0"
11554,"0"
11555,"0"
11556,"0"
11557,"0"
11558,"0"
11559,"0"
11560,"0"
11561,"0"
11562,"0"
11563,"0"
11564,"0"
11565,"0"
11566,"0"
11567,"0"
11568,"0"
11569,"0"
11570,"0"
11571,"0"
11572,"0"
11573,"0"
11574,"0"
11575,"0"
11576,"0"
11577,"0"
11578,"0"
11579,"0"
11580,"0"
11581,"0"
11582,"0"
11583,"0"
11584,"0"
11585,"0"
11586,"0"
11587,"0"
11588,"0"
11589,"0"
11590,"0"
11591,"0"
11592,"0"
11593,"0"
11594,"0"
11595,"0"
11596,"0"
11597,"0"
11598,"0"
11599,"0"
11600,"0"
11601,"0"
11602,"0"
11603,"0"
11604,"0"
11605,"0"
11606,"0"
11607,"0"
11608,"0"
11609,"0"
11610,"1"
11611,"0"
11612,"0"
11613,"0"
11614,"0"
11615,"0"
11616,"0"
11617,"0"
11618,"0"
11619,"0"
11620,"0"
11621,"0"
11622,"0"
11623,"0"
11624,"0"
11625,"0"
11626,"0"
11627,"0"
11628,"0"
11629,"0"
11630,"0"
11631,"0"
11632,"0"
11633,"0"
11634,"0"
11635,"0"
11636,"0"
11637,"0"
11638,"0"
11639,"0"
11640,"0"
11641,"0"
11642,"0"
11643,"0"
11644,"0"
11645,"0"
11646,"0"
11647,"0"
11648,"0"
11649,"0"
11650,"0"
11651,"0"
11652,"0"
11653,"0"
11654,"0"
11655,"0"
11656,"0"
11657,"0"
11658,"0"
11659,"0"
11660,"0"
11661,"0"
11662,"0"
11663,"0"
11664,"0"
11665,"0"
11666,"0"
11667,"0"
11668,"0"
11669,"0"
11670,"0"
11671,"0"
11672,"0"
11673,"0"
11674,"0"
11675,"0"
11676,"0"
11677,"0"
11678,"0"
11679,"0"
11680,"0"
11681,"0"
11682,"0"
11683,"0"
11684,"0"
11685,"0"
11686,"0"
11687,"0"
11688,"0"
11689,"0"
11690,"0"
11691,"0"
11692,"0"
11693,"0"
11694,"0"
11695,"0"
11696,"0"
11697,"0"
11698,"0"
11699,"0"
11700,"0"
11701,"0"
11702,"0"
11703,"0"
11704,"0"
11705,"0"
11706,"0"
11707,"1"
11708,"0"
11709,"0"
11710,"0"
11711,"0"
11712,"0"
11713,"0"
11714,"0"
11715,"0"
11716,"0"
11717,"0"
11718,"0"
11719,"0"
11720,"0"
11721,"0"
11722,"0"
11723,"0"
11724,"0"
11725,"0"
11726,"0"
11727,"0"
11728,"0"
11729,"0"
11730,"0"
11731,"0"
11732,"0"
11733,"0"
11734,"0"
11735,"1"
11736,"0"
11737,"1"
11738,"0"
11739,"0"
11740,"1"
11741,"0"
11742,"0"
11743,"0"
11744,"0"
11745,"0"
11746,"0"
11747,"0"
11748,"0"
11749,"0"
11750,"0"
11751,"0"
11752,"0"
11753,"0"
11754,"0"
11755,"0"
11756,"0"
11757,"0"
11758,"0"
11759,"0"
11760,"0"
11761,"0"
11762,"0"
11763,"0"
11764,"0"
11765,"0"
11766,"1"
11767,"0"
11768,"0"
11769,"0"
11770,"0"
11771,"0"
11772,"0"
11773,"0"
11774,"0"
11775,"0"
11776,"0"
11777,"0"
11778,"0"
11779,"0"
11780,"0"
11781,"0"
11782,"0"
11783,"0"
11784,"0"
11785,"0"
11786,"1"
11787,"1"
11788,"0"
11789,"0"
11790,"0"
11791,"0"
11792,"0"
11793,"0"
11794,"0"
11795,"0"
11796,"1"
11797,"0"
11798,"0"
11799,"0"
11800,"0"
11801,"0"
11802,"0"
11803,"0"
11804,"0"
11805,"0"
11806,"0"
11807,"0"
11808,"0"
11809,"0"
11810,"0"
11811,"0"
11812,"1"
11813,"0"
11814,"1"
11815,"0"
11816,"0"
11817,"1"
11818,"0"
11819,"0"
11820,"0"
11821,"0"
11822,"0"
11823,"0"
11824,"0"
11825,"0"
11826,"0"
11827,"0"
11828,"0"
11829,"0"
11830,"0"
11831,"0"
11832,"0"
11833,"0"
11834,"0"
11835,"1"
11836,"0"
11837,"0"
11838,"1"
11839,"0"
11840,"0"
11841,"0"
11842,"0"
11843,"0"
11844,"0"
11845,"0"
11846,"0"
11847,"0"
11848,"0"
11849,"0"
11850,"0"
11851,"0"
11852,"0"
11853,"0"
11854,"0"
11855,"0"
11856,"1"
11857,"0"
11858,"1"
11859,"0"
11860,"0"
11861,"0"
11862,"0"
11863,"0"
11864,"0"
11865,"1"
11866,"0"
11867,"0"
11868,"0"
11869,"1"
11870,"0"
11871,"0"
11872,"0"
11873,"0"
11874,"0"
11875,"0"
11876,"0"
11877,"0"
11878,"1"
11879,"0"
11880,"0"
11881,"0"
11882,"0"
11883,"0"
11884,"0"
11885,"0"
11886,"0"
11887,"0"
11888,"0"
11889,"0"
11890,"0"
11891,"0"
11892,"1"
11893,"0"
11894,"0"
11895,"0"
11896,"0"
11897,"1"
11898,"1"
11899,"0"
11900,"0"
11901,"0"
11902,"1"
11903,"0"
11904,"0"
11905,"0"
11906,"0"
11907,"0"
11908,"0"
11909,"0"
11910,"1"
11911,"0"
11912,"0"
11913,"0"
11914,"0"
11915,"1"
11916,"0"
11917,"0"
11918,"1"
11919,"0"
11920,"0"
11921,"0"
11922,"1"
11923,"0"
11924,"0"
11925,"0"
11926,"0"
11927,"0"
11928,"1"
11929,"0"
11930,"0"
11931,"0"
11932,"0"
11933,"0"
11934,"1"
11935,"0"
11936,"0"
11937,"0"
11938,"0"
11939,"0"
11940,"0"
11941,"0"
11942,"0"
11943,"0"
11944,"0"
11945,"1"
11946,"1"
11947,"0"
11948,"1"
11949,"0"
11950,"0"
11951,"1"
11952,"0"
11953,"0"
11954,"1"
11955,"0"
11956,"0"
11957,"1"
11958,"0"
11959,"0"
11960,"1"
11961,"0"
11962,"0"
11963,"0"
11964,"0"
11965,"0"
11966,"1"
11967,"0"
11968,"1"
11969,"1"
11970,"0"
11971,"0"
11972,"0"
11973,"0"
11974,"0"
11975,"0"
11976,"0"
11977,"0"
11978,"0"
11979,"0"
11980,"0"
11981,"0"
11982,"1"
11983,"1"
11984,"0"
11985,"1"
11986,"0"
11987,"0"
11988,"1"
11989,"0"
11990,"0"
11991,"0"
11992,"0"
11993,"1"
11994,"0"
11995,"0"
11996,"0"
11997,"0"
11998,"0"
11999,"0"
12000,"0"
12001,"0"
12002,"1"
12003,"0"
12004,"1"
12005,"0"
12006,"1"
12007,"0"
12008,"0"
12009,"0"
12010,"1"
12011,"0"
12012,"0"
12013,"0"
12014,"0"
12015,"0"
12016,"0"
12017,"1"
12018,"0"
12019,"0"
12020,"0"
12021,"0"
12022,"0"
12023,"0"
12024,"0"
12025,"0"
12026,"0"
12027,"1"
12028,"0"
12029,"0"
12030,"0"
12031,"0"
12032,"0"
12033,"0"
12034,"0"
12035,"0"
12036,"0"
12037,"0"
12038,"0"
12039,"0"
12040,"0"
12041,"0"
12042,"0"
12043,"0"
12044,"0"
12045,"0"
12046,"0"
12047,"0"
12048,"0"
12049,"0"
12050,"0"
12051,"0"
12052,"0"
12053,"0"
12054,"0"
12055,"0"
12056,"0"
12057,"0"
12058,"0"
12059,"0"
12060,"0"
12061,"0"
12062,"0"
12063,"0"
12064,"0"
12065,"0"
12066,"0"
12067,"0"
12068,"0"
12069,"0"
12070,"0"
12071,"0"
12072,"0"
12073,"0"
12074,"0"
12075,"0"
12076,"0"
12077,"0"
12078,"0"
12079,"0"
12080,"0"
12081,"1"
12082,"0"
12083,"0"
12084,"0"
12085,"0"
12086,"1"
12087,"0"
12088,"0"
12089,"0"
12090,"0"
12091,"0"
12092,"0"
12093,"0"
12094,"0"
12095,"1"
12096,"0"
12097,"0"
12098,"0"
12099,"0"
12100,"0"
12101,"1"
12102,"0"
12103,"0"
12104,"0"
12105,"0"
12106,"0"
12107,"0"
12108,"0"
12109,"0"
12110,"0"
12111,"0"
12112,"0"
12113,"0"
12114,"0"
12115,"1"
12116,"0"
12117,"1"
12118,"0"
12119,"0"
12120,"1"
12121,"0"
12122,"0"
12123,"0"
12124,"1"
12125,"0"
12126,"0"
12127,"0"
12128,"0"
12129,"0"
12130,"0"
12131,"1"
12132,"0"
12133,"0"
12134,"0"
12135,"0"
12136,"1"
12137,"0"
12138,"0"
12139,"0"
12140,"0"
12141,"0"
12142,"0"
12143,"0"
12144,"0"
12145,"0"
12146,"1"
12147,"1"
12148,"0"
12149,"0"
12150,"0"
12151,"0"
12152,"0"
12153,"0"
12154,"0"
12155,"1"
12156,"0"
12157,"1"
12158,"0"
12159,"0"
12160,"0"
12161,"1"
12162,"0"
12163,"0"
12164,"0"
12165,"0"
12166,"0"
12167,"0"
12168,"1"
12169,"0"
12170,"0"
12171,"0"
12172,"1"
12173,"0"
12174,"0"
12175,"0"
12176,"1"
12177,"1"
12178,"0"
12179,"1"
12180,"1"
12181,"0"
12182,"1"
12183,"1"
12184,"0"
12185,"1"
12186,"0"
12187,"0"
12188,"0"
12189,"0"
12190,"0"
12191,"1"
12192,"0"
12193,"0"
12194,"1"
12195,"1"
12196,"0"
12197,"0"
12198,"0"
12199,"0"
12200,"0"
12201,"0"
12202,"0"
12203,"0"
12204,"0"
12205,"0"
12206,"0"
12207,"0"
12208,"0"
12209,"0"
12210,"0"
12211,"1"
12212,"0"
12213,"0"
12214,"0"
12215,"0"
12216,"0"
12217,"0"
12218,"0"
12219,"0"
12220,"0"
12221,"1"
12222,"0"
12223,"0"
12224,"0"
12225,"0"
12226,"1"
12227,"0"
12228,"0"
12229,"0"
12230,"1"
12231,"1"
12232,"0"
12233,"1"
12234,"0"
12235,"0"
12236,"0"
12237,"0"
12238,"0"
12239,"0"
12240,"0"
12241,"0"
12242,"0"
12243,"0"
12244,"0"
12245,"0"
12246,"0"
12247,"1"
12248,"0"
12249,"0"
12250,"0"
12251,"0"
12252,"0"
12253,"0"
12254,"0"
12255,"0"
12256,"1"
12257,"0"
12258,"0"
12259,"0"
12260,"0"
12261,"0"
12262,"1"
12263,"0"
12264,"1"
12265,"0"
12266,"0"
12267,"0"
12268,"0"
12269,"0"
12270,"0"
12271,"0"
12272,"0"
12273,"0"
12274,"1"
12275,"0"
12276,"0"
12277,"0"
12278,"0"
12279,"1"
12280,"0"
12281,"1"
12282,"0"
12283,"0"
12284,"0"
12285,"0"
12286,"0"
12287,"0"
12288,"0"
12289,"0"
12290,"0"
12291,"0"
12292,"1"
12293,"0"
12294,"0"
12295,"0"
12296,"0"
12297,"0"
12298,"0"
12299,"0"
12300,"0"
12301,"0"
12302,"0"
12303,"1"
12304,"0"
12305,"0"
12306,"1"
12307,"0"
12308,"0"
12309,"0"
12310,"0"
12311,"0"
12312,"0"
12313,"0"
12314,"0"
12315,"0"
12316,"1"
12317,"0"
12318,"1"
12319,"0"
12320,"0"
12321,"0"
12322,"0"
12323,"0"
12324,"0"
12325,"0"
12326,"0"
12327,"0"
12328,"0"
12329,"0"
12330,"0"
12331,"0"
12332,"0"
12333,"0"
12334,"0"
12335,"0"
12336,"0"
12337,"0"
12338,"0"
12339,"1"
12340,"0"
12341,"1"
12342,"0"
12343,"0"
12344,"0"
12345,"0"
12346,"0"
12347,"0"
12348,"0"
12349,"0"
12350,"0"
12351,"0"
12352,"0"
12353,"0"
12354,"0"
12355,"0"
12356,"0"
12357,"0"
12358,"0"
12359,"0"
12360,"0"
12361,"0"
12362,"1"
12363,"0"
12364,"0"
12365,"0"
12366,"0"
12367,"0"
12368,"0"
12369,"0"
12370,"0"
12371,"0"
12372,"0"
12373,"0"
12374,"0"
12375,"0"
12376,"0"
12377,"0"
12378,"0"
12379,"0"
12380,"0"
12381,"0"
12382,"0"
12383,"0"
12384,"0"
12385,"0"
12386,"0"
12387,"1"
12388,"0"
12389,"0"
12390,"0"
12391,"0"
12392,"0"
12393,"0"
12394,"0"
12395,"0"
12396,"0"
12397,"0"
12398,"0"
12399,"0"
12400,"0"
12401,"0"
12402,"0"
12403,"1"
12404,"0"
12405,"0"
12406,"0"
12407,"1"
12408,"0"
12409,"1"
12410,"0"
12411,"0"
12412,"0"
12413,"0"
12414,"0"
12415,"1"
12416,"0"
12417,"0"
12418,"0"
12419,"0"
12420,"1"
12421,"0"
12422,"0"
12423,"0"
12424,"0"
12425,"0"
12426,"1"
12427,"0"
12428,"0"
12429,"0"
12430,"0"
12431,"1"
12432,"0"
12433,"0"
12434,"0"
12435,"0"
12436,"1"
12437,"0"
12438,"0"
12439,"0"
12440,"1"
12441,"1"
12442,"0"
12443,"0"
12444,"0"
12445,"0"
12446,"0"
12447,"0"
12448,"0"
12449,"0"
12450,"1"
12451,"0"
12452,"0"
12453,"0"
12454,"0"
12455,"0"
12456,"0"
12457,"0"
12458,"0"
12459,"0"
12460,"0"
12461,"0"
12462,"1"
12463,"0"
12464,"0"
12465,"0"
12466,"0"
12467,"1"
12468,"0"
12469,"1"
12470,"0"
12471,"1"
12472,"0"
12473,"0"
12474,"0"
12475,"0"
12476,"0"
12477,"0"
12478,"0"
12479,"0"
12480,"0"
12481,"0"
12482,"0"
12483,"0"
12484,"0"
12485,"0"
12486,"0"
12487,"0"
12488,"1"
12489,"0"
12490,"0"
12491,"0"
12492,"0"
12493,"0"
12494,"1"
12495,"0"
12496,"0"
12497,"0"
12498,"1"
12499,"0"
12500,"0"
12501,"0"
12502,"1"
12503,"0"
12504,"0"
12505,"0"
12506,"1"
12507,"0"
12508,"1"
12509,"1"
12510,"0"
12511,"1"
12512,"1"
12513,"1"
12514,"0"
12515,"0"
12516,"0"
12517,"0"
12518,"0"
12519,"0"
12520,"0"
12521,"0"
12522,"0"
12523,"0"
12524,"0"
12525,"0"
12526,"0"
12527,"0"
12528,"0"
12529,"0"
12530,"1"
12531,"0"
12532,"0"
12533,"0"
12534,"0"
12535,"0"
12536,"0"
12537,"0"
12538,"0"
12539,"0"
12540,"0"
12541,"1"
12542,"0"
12543,"0"
12544,"0"
12545,"1"
12546,"0"
12547,"0"
12548,"0"
12549,"0"
12550,"0"
12551,"0"
12552,"0"
12553,"1"
12554,"0"
12555,"0"
12556,"0"
12557,"0"
12558,"0"
12559,"0"
12560,"0"
12561,"0"
12562,"0"
12563,"0"
12564,"1"
12565,"0"
12566,"0"
12567,"1"
12568,"1"
12569,"0"
12570,"1"
12571,"0"
12572,"0"
12573,"0"
12574,"0"
12575,"0"
12576,"1"
12577,"0"
12578,"0"
12579,"0"
12580,"0"
12581,"0"
12582,"0"
12583,"0"
12584,"0"
12585,"0"
12586,"0"
12587,"1"
12588,"1"
12589,"1"
12590,"1"
12591,"0"
12592,"0"
12593,"0"
12594,"0"
12595,"0"
12596,"1"
12597,"0"
12598,"1"
12599,"0"
12600,"0"
12601,"1"
12602,"0"
12603,"0"
12604,"0"
12605,"0"
12606,"0"
12607,"1"
12608,"0"
12609,"0"
12610,"0"
12611,"0"
12612,"1"
12613,"1"
12614,"1"
12615,"0"
12616,"0"
12617,"1"
12618,"1"
12619,"0"
12620,"0"
12621,"0"
12622,"0"
12623,"0"
12624,"0"
12625,"0"
12626,"0"
12627,"1"
12628,"0"
12629,"0"
12630,"0"
12631,"0"
12632,"1"
12633,"1"
12634,"0"
12635,"1"
12636,"0"
12637,"0"
12638,"1"
12639,"0"
12640,"1"
12641,"0"
12642,"0"
12643,"1"
12644,"0"
12645,"0"
12646,"0"
12647,"1"
12648,"0"
12649,"0"
12650,"0"
12651,"0"
12652,"0"
12653,"0"
12654,"0"
12655,"0"
12656,"1"
12657,"0"
12658,"0"
12659,"0"
12660,"0"
12661,"0"
12662,"0"
12663,"0"
12664,"0"
12665,"0"
12666,"0"
12667,"0"
12668,"1"
12669,"0"
12670,"0"
12671,"1"
12672,"0"
12673,"0"
12674,"1"
12675,"0"
12676,"0"
12677,"0"
12678,"0"
12679,"0"
12680,"0"
12681,"1"
12682,"0"
12683,"0"
12684,"0"
12685,"1"
12686,"0"
12687,"0"
12688,"0"
12689,"0"
12690,"0"
12691,"0"
12692,"0"
12693,"0"
12694,"0"
12695,"0"
12696,"0"
12697,"0"
12698,"1"
12699,"0"
12700,"0"
12701,"0"
12702,"0"
12703,"1"
12704,"0"
12705,"0"
12706,"1"
12707,"0"
12708,"1"
12709,"0"
12710,"1"
12711,"0"
12712,"1"
12713,"0"
12714,"1"
12715,"0"
12716,"0"
12717,"0"
12718,"0"
12719,"0"
12720,"0"
12721,"0"
12722,"0"
12723,"0"
12724,"0"
12725,"0"
12726,"0"
12727,"0"
12728,"0"
12729,"0"
12730,"0"
12731,"1"
12732,"0"
12733,"0"
12734,"1"
12735,"0"
12736,"1"
12737,"0"
12738,"1"
12739,"1"
12740,"0"
12741,"0"
12742,"0"
12743,"1"
12744,"0"
12745,"0"
12746,"0"
12747,"0"
12748,"0"
12749,"1"
12750,"1"
12751,"0"
12752,"0"
12753,"1"
12754,"0"
12755,"1"
12756,"0"
12757,"0"
12758,"0"
12759,"1"
12760,"0"
12761,"0"
12762,"0"
12763,"0"
12764,"1"
12765,"0"
12766,"1"
12767,"1"
12768,"0"
12769,"0"
12770,"1"
12771,"0"
12772,"0"
12773,"1"
12774,"0"
12775,"0"
12776,"0"
12777,"0"
12778,"0"
12779,"0"
12780,"0"
12781,"0"
12782,"1"
12783,"0"
12784,"0"
12785,"0"
12786,"0"
12787,"0"
12788,"0"
12789,"0"
12790,"0"
12791,"1"
12792,"0"
12793,"0"
12794,"1"
12795,"0"
12796,"1"
12797,"1"
12798,"0"
12799,"0"
12800,"0"
12801,"0"
12802,"0"
12803,"0"
12804,"1"
12805,"0"
12806,"0"
12807,"0"
12808,"1"
12809,"0"
12810,"0"
12811,"0"
12812,"0"
12813,"0"
12814,"0"
12815,"0"
12816,"0"
12817,"0"
12818,"0"
12819,"0"
12820,"0"
12821,"1"
12822,"0"
12823,"0"
12824,"0"
12825,"0"
12826,"0"
12827,"1"
12828,"0"
12829,"1"
12830,"0"
12831,"0"
12832,"0"
12833,"0"
12834,"1"
12835,"0"
12836,"0"
12837,"0"
12838,"1"
12839,"1"
12840,"0"
12841,"0"
12842,"0"
12843,"0"
12844,"0"
12845,"0"
12846,"0"
12847,"0"
12848,"0"
12849,"1"
12850,"1"
12851,"0"
12852,"1"
12853,"0"
12854,"0"
12855,"0"
12856,"1"
12857,"1"
12858,"0"
12859,"1"
12860,"1"
12861,"0"
12862,"1"
12863,"0"
12864,"1"
12865,"1"
12866,"0"
12867,"0"
12868,"0"
12869,"0"
12870,"0"
12871,"0"
12872,"1"
12873,"0"
12874,"1"
12875,"0"
12876,"0"
12877,"0"
12878,"0"
12879,"0"
12880,"0"
12881,"1"
12882,"0"
12883,"0"
12884,"0"
12885,"1"
12886,"1"
12887,"1"
12888,"1"
12889,"0"
12890,"0"
12891,"0"
12892,"1"
12893,"0"
12894,"0"
12895,"0"
12896,"0"
12897,"0"
12898,"1"
12899,"0"
12900,"0"
12901,"1"
12902,"0"
12903,"0"
12904,"1"
12905,"0"
12906,"1"
12907,"0"
12908,"0"
12909,"0"
12910,"0"
12911,"0"
12912,"0"
12913,"0"
12914,"1"
12915,"0"
12916,"0"
12917,"0"
12918,"0"
12919,"1"
12920,"1"
12921,"0"
12922,"0"
12923,"0"
12924,"0"
12925,"0"
12926,"0"
12927,"0"
12928,"0"
12929,"0"
12930,"0"
12931,"0"
12932,"0"
12933,"0"
12934,"1"
12935,"1"
12936,"1"
12937,"0"
12938,"1"
12939,"0"
12940,"0"
12941,"1"
12942,"1"
12943,"0"
12944,"0"
12945,"0"
12946,"0"
12947,"0"
12948,"0"
12949,"1"
12950,"1"
12951,"0"
12952,"1"
12953,"1"
12954,"1"
12955,"1"
12956,"1"
12957,"0"
12958,"1"
12959,"0"
12960,"0"
12961,"0"
12962,"0"
12963,"0"
12964,"0"
12965,"1"
12966,"0"
12967,"1"
12968,"1"
12969,"0"
12970,"0"
12971,"0"
12972,"1"
12973,"0"
12974,"1"
12975,"0"
12976,"0"
12977,"1"
12978,"1"
12979,"0"
12980,"0"
12981,"1"
12982,"1"
12983,"1"
12984,"0"
12985,"1"
12986,"1"
12987,"0"
12988,"0"
12989,"0"
12990,"0"
12991,"0"
12992,"0"
12993,"0"
12994,"0"
12995,"0"
12996,"0"
12997,"1"
12998,"0"
12999,"0"
13000,"1"
13001,"0"
13002,"1"
13003,"0"
13004,"1"
13005,"0"
13006,"0"
13007,"0"
13008,"1"
13009,"0"
13010,"0"
13011,"1"
13012,"0"
13013,"1"
13014,"0"
13015,"0"
13016,"0"
13017,"0"
13018,"0"
13019,"0"
13020,"0"
13021,"1"
13022,"0"
13023,"0"
13024,"0"
13025,"0"
13026,"0"
13027,"0"
13028,"0"
13029,"1"
13030,"0"
13031,"0"
13032,"0"
13033,"1"
13034,"0"
13035,"0"
13036,"0"
13037,"1"
13038,"0"
13039,"0"
13040,"1"
13041,"0"
13042,"1"
13043,"0"
13044,"1"
13045,"1"
13046,"0"
13047,"1"
13048,"1"
13049,"1"
13050,"1"
13051,"0"
13052,"1"
13053,"0"
13054,"1"
13055,"0"
13056,"0"
13057,"1"
13058,"1"
13059,"0"
13060,"0"
13061,"0"
13062,"0"
13063,"0"
13064,"0"
13065,"0"
13066,"1"
13067,"0"
13068,"0"
13069,"0"
13070,"0"
13071,"0"
13072,"0"
13073,"0"
13074,"0"
13075,"0"
13076,"0"
13077,"0"
13078,"0"
13079,"1"
13080,"0"
13081,"1"
13082,"1"
13083,"1"
13084,"1"
13085,"1"
13086,"0"
13087,"1"
13088,"0"
13089,"0"
13090,"0"
13091,"0"
13092,"0"
13093,"0"
13094,"1"
13095,"0"
13096,"0"
13097,"0"
13098,"0"
13099,"1"
13100,"1"
13101,"0"
13102,"1"
13103,"0"
13104,"1"
13105,"1"
13106,"1"
13107,"1"
13108,"1"
13109,"0"
13110,"0"
13111,"0"
13112,"1"
13113,"0"
13114,"1"
13115,"1"
13116,"1"
13117,"0"
13118,"0"
13119,"1"
13120,"1"
13121,"0"
13122,"1"
13123,"0"
13124,"0"
13125,"1"
13126,"0"
13127,"0"
13128,"0"
13129,"0"
13130,"1"
13131,"0"
13132,"0"
13133,"1"
13134,"1"
13135,"1"
13136,"1"
13137,"0"
13138,"1"
13139,"1"
13140,"0"
13141,"0"
13142,"0"
13143,"0"
13144,"0"
13145,"0"
13146,"1"
13147,"0"
13148,"0"
13149,"0"
13150,"0"
13151,"0"
13152,"0"
13153,"1"
13154,"1"
13155,"1"
13156,"0"
13157,"0"
13158,"1"
13159,"1"
13160,"0"
13161,"1"
13162,"0"
13163,"1"
13164,"0"
13165,"1"
13166,"1"
13167,"0"
13168,"1"
13169,"0"
13170,"1"
13171,"1"
13172,"1"
13173,"0"
13174,"1"
13175,"0"
13176,"0"
13177,"1"
13178,"0"
13179,"0"
13180,"1"
13181,"0"
13182,"0"
13183,"0"
13184,"0"
13185,"1"
13186,"0"
13187,"0"
13188,"1"
13189,"1"
13190,"1"
13191,"0"
13192,"0"
13193,"0"
13194,"1"
13195,"1"
13196,"1"
13197,"1"
13198,"1"
13199,"0"
13200,"1"
13201,"0"
13202,"0"
13203,"1"
13204,"0"
13205,"0"
13206,"1"
13207,"1"
13208,"1"
13209,"0"
13210,"0"
13211,"0"
13212,"0"
13213,"0"
13214,"0"
13215,"0"
13216,"0"
13217,"0"
13218,"0"
13219,"0"
13220,"0"
13221,"0"
13222,"0"
13223,"0"
13224,"0"
13225,"0"
13226,"1"
13227,"1"
13228,"0"
13229,"0"
13230,"0"
13231,"0"
13232,"1"
13233,"0"
13234,"0"
13235,"1"
13236,"0"
13237,"0"
13238,"1"
13239,"0"
13240,"0"
13241,"1"
13242,"0"
13243,"0"
13244,"0"
13245,"0"
13246,"0"
13247,"0"
13248,"0"
13249,"0"
13250,"0"
13251,"0"
13252,"0"
13253,"0"
13254,"1"
13255,"1"
13256,"0"
13257,"1"
13258,"1"
13259,"1"
13260,"0"
13261,"0"
13262,"0"
13263,"0"
13264,"1"
13265,"0"
13266,"0"
13267,"0"
13268,"0"
13269,"0"
13270,"0"
13271,"0"
13272,"0"
13273,"1"
13274,"1"
13275,"0"
13276,"1"
13277,"1"
13278,"0"
13279,"1"
13280,"0"
13281,"1"
13282,"0"
13283,"0"
13284,"0"
13285,"0"
13286,"0"
13287,"1"
13288,"0"
13289,"1"
13290,"0"
13291,"0"
13292,"1"
13293,"1"
13294,"0"
13295,"1"
13296,"0"
13297,"1"
13298,"1"
13299,"0"
13300,"0"
13301,"0"
13302,"0"
13303,"0"
13304,"1"
13305,"1"
13306,"0"
13307,"1"
13308,"0"
13309,"1"
13310,"0"
13311,"0"
13312,"0"
13313,"0"
13314,"0"
13315,"1"
13316,"0"
13317,"0"
13318,"0"
13319,"1"
13320,"1"
13321,"0"
13322,"0"
13323,"0"
13324,"0"
13325,"1"
13326,"1"
13327,"0"
13328,"0"
13329,"0"
13330,"1"
13331,"0"
13332,"1"
13333,"0"
13334,"0"
13335,"0"
13336,"0"
13337,"0"
13338,"0"
13339,"0"
13340,"0"
13341,"0"
13342,"0"
13343,"0"
13344,"0"
13345,"0"
13346,"0"
13347,"0"
13348,"1"
13349,"0"
13350,"0"
13351,"0"
13352,"0"
13353,"0"
13354,"1"
13355,"1"
13356,"0"
13357,"0"
13358,"0"
13359,"0"
13360,"1"
13361,"1"
13362,"0"
13363,"1"
13364,"1"
13365,"0"
13366,"1"
13367,"0"
13368,"0"
13369,"0"
13370,"1"
13371,"0"
13372,"0"
13373,"0"
13374,"0"
13375,"1"
13376,"0"
13377,"0"
13378,"1"
13379,"0"
13380,"1"
13381,"1"
13382,"1"
13383,"0"
13384,"0"
13385,"1"
13386,"0"
13387,"0"
13388,"0"
13389,"1"
13390,"0"
13391,"0"
13392,"0"
13393,"0"
13394,"0"
13395,"0"
13396,"0"
13397,"0"
13398,"0"
13399,"1"
13400,"0"
13401,"0"
13402,"0"
13403,"1"
13404,"1"
13405,"1"
13406,"1"
13407,"0"
13408,"0"
13409,"0"
13410,"0"
13411,"0"
13412,"1"
13413,"0"
13414,"0"
13415,"1"
13416,"0"
13417,"0"
13418,"1"
13419,"0"
13420,"0"
13421,"0"
13422,"0"
13423,"0"
13424,"0"
13425,"0"
13426,"0"
13427,"0"
13428,"1"
13429,"0"
13430,"0"
13431,"1"
13432,"1"
13433,"0"
13434,"1"
13435,"0"
13436,"0"
13437,"0"
13438,"0"
13439,"0"
13440,"0"
13441,"0"
13442,"0"
13443,"1"
13444,"0"
13445,"1"
13446,"1"
13447,"0"
13448,"0"
13449,"0"
13450,"1"
13451,"1"
13452,"0"
13453,"1"
13454,"0"
13455,"0"
13456,"1"
13457,"0"
13458,"0"
13459,"0"
13460,"0"
13461,"1"
13462,"0"
13463,"1"
13464,"0"
13465,"0"
13466,"0"
13467,"1"
13468,"1"
13469,"0"
13470,"0"
13471,"0"
13472,"0"
13473,"0"
13474,"0"
13475,"1"
13476,"1"
13477,"0"
13478,"1"
13479,"0"
13480,"1"
13481,"1"
13482,"1"
13483,"0"
13484,"0"
13485,"0"
13486,"0"
13487,"0"
13488,"0"
13489,"0"
13490,"1"
13491,"0"
13492,"0"
13493,"1"
13494,"0"
13495,"0"
13496,"0"
13497,"1"
13498,"1"
13499,"0"
13500,"0"
13501,"0"
13502,"0"
13503,"0"
13504,"1"
13505,"0"
13506,"0"
13507,"1"
13508,"0"
13509,"0"
13510,"1"
13511,"1"
13512,"1"
13513,"1"
13514,"1"
13515,"0"
13516,"1"
13517,"1"
13518,"0"
13519,"0"
13520,"0"
13521,"1"
13522,"0"
13523,"0"
13524,"0"
13525,"1"
13526,"0"
13527,"0"
13528,"0"
13529,"1"
13530,"0"
13531,"1"
13532,"0"
13533,"0"
13534,"0"
13535,"0"
13536,"0"
13537,"1"
13538,"0"
13539,"1"
13540,"0"
13541,"0"
13542,"1"
13543,"0"
13544,"0"
13545,"1"
13546,"0"
13547,"0"
13548,"0"
13549,"1"
13550,"1"
13551,"1"
13552,"0"
13553,"0"
13554,"0"
13555,"1"
13556,"0"
13557,"0"
13558,"1"
13559,"0"
13560,"1"
13561,"0"
13562,"0"
13563,"0"
13564,"1"
13565,"1"
13566,"0"
13567,"0"
13568,"0"
13569,"0"
13570,"1"
13571,"0"
13572,"0"
13573,"1"
13574,"1"
13575,"1"
13576,"0"
13577,"0"
13578,"0"
13579,"1"
13580,"1"
13581,"1"
13582,"1"
13583,"0"
13584,"0"
13585,"0"
13586,"1"
13587,"0"
13588,"0"
13589,"0"
13590,"1"
13591,"0"
13592,"0"
13593,"0"
13594,"1"
13595,"1"
13596,"1"
13597,"0"
13598,"0"
13599,"0"
13600,"1"
13601,"0"
13602,"0"
13603,"0"
13604,"0"
13605,"0"
13606,"1"
13607,"0"
13608,"0"
13609,"0"
13610,"0"
13611,"0"
13612,"0"
13613,"1"
13614,"0"
13615,"0"
13616,"0"
13617,"0"
13618,"0"
13619,"0"
13620,"0"
13621,"0"
13622,"0"
13623,"0"
13624,"0"
13625,"0"
13626,"0"
13627,"0"
13628,"0"
13629,"0"
13630,"0"
13631,"0"
13632,"0"
13633,"0"
13634,"0"
13635,"1"
13636,"1"
13637,"0"
13638,"0"
13639,"0"
13640,"0"
13641,"1"
13642,"1"
13643,"1"
13644,"0"
13645,"0"
13646,"1"
13647,"1"
13648,"1"
13649,"1"
13650,"0"
13651,"0"
13652,"1"
13653,"1"
13654,"1"
13655,"0"
13656,"1"
13657,"0"
13658,"0"
13659,"0"
13660,"0"
13661,"0"
13662,"0"
13663,"0"
13664,"0"
13665,"0"
13666,"0"
13667,"0"
13668,"0"
13669,"0"
13670,"1"
13671,"0"
13672,"0"
13673,"1"
13674,"0"
13675,"0"
13676,"0"
13677,"0"
13678,"1"
13679,"1"
13680,"0"
13681,"0"
13682,"0"
13683,"0"
13684,"0"
13685,"0"
13686,"0"
13687,"0"
13688,"0"
13689,"0"
13690,"1"
13691,"1"
13692,"1"
13693,"0"
13694,"1"
13695,"0"
13696,"1"
13697,"0"
13698,"0"
13699,"0"
13700,"0"
13701,"0"
13702,"0"
13703,"0"
13704,"0"
13705,"0"
13706,"0"
13707,"0"
13708,"0"
13709,"0"
13710,"0"
13711,"0"
13712,"0"
13713,"0"
13714,"0"
13715,"0"
13716,"0"
13717,"0"
13718,"1"
13719,"1"
13720,"0"
13721,"0"
13722,"0"
13723,"0"
13724,"1"
13725,"0"
13726,"0"
13727,"1"
13728,"0"
13729,"0"
13730,"0"
13731,"0"
13732,"0"
13733,"1"
13734,"0"
13735,"1"
13736,"0"
13737,"0"
13738,"0"
13739,"0"
13740,"0"
13741,"0"
13742,"0"
13743,"0"
13744,"0"
13745,"1"
13746,"1"
13747,"1"
13748,"0"
13749,"0"
13750,"0"
13751,"0"
13752,"0"
13753,"0"
13754,"1"
13755,"0"
13756,"0"
13757,"1"
13758,"0"
13759,"0"
13760,"0"
13761,"0"
13762,"0"
13763,"0"
13764,"0"
13765,"1"
13766,"0"
13767,"0"
13768,"1"
13769,"1"
13770,"1"
13771,"1"
13772,"1"
13773,"1"
13774,"0"
13775,"0"
13776,"0"
13777,"1"
13778,"0"
13779,"0"
13780,"1"
13781,"1"
13782,"1"
13783,"0"
13784,"0"
13785,"0"
13786,"0"
13787,"0"
13788,"0"
13789,"1"
13790,"0"
13791,"0"
13792,"0"
13793,"0"
13794,"1"
13795,"0"
13796,"0"
13797,"0"
13798,"0"
13799,"0"
13800,"0"
13801,"0"
13802,"0"
13803,"0"
13804,"0"
13805,"0"
13806,"0"
13807,"1"
13808,"0"
13809,"0"
13810,"0"
13811,"0"
13812,"0"
13813,"0"
13814,"1"
13815,"1"
13816,"0"
13817,"0"
13818,"0"
13819,"1"
13820,"0"
13821,"0"
13822,"0"
13823,"0"
13824,"1"
13825,"0"
13826,"0"
13827,"0"
13828,"0"
13829,"0"
13830,"1"
13831,"0"
13832,"0"
13833,"1"
13834,"1"
13835,"0"
13836,"0"
13837,"0"
13838,"1"
13839,"0"
13840,"0"
13841,"0"
13842,"0"
13843,"0"
13844,"0"
13845,"0"
13846,"0"
13847,"0"
13848,"0"
13849,"0"
13850,"0"
13851,"1"
13852,"1"
13853,"0"
13854,"0"
13855,"0"
13856,"0"
13857,"0"
13858,"1"
13859,"1"
13860,"0"
13861,"1"
13862,"1"
13863,"0"
13864,"1"
13865,"0"
13866,"1"
13867,"0"
13868,"0"
13869,"1"
13870,"1"
13871,"0"
13872,"0"
13873,"1"
13874,"1"
13875,"0"
13876,"0"
13877,"1"
13878,"1"
13879,"0"
13880,"0"
13881,"0"
13882,"1"
13883,"0"
13884,"1"
13885,"1"
13886,"1"
13887,"0"
13888,"1"
13889,"1"
13890,"1"
13891,"1"
13892,"1"
13893,"0"
13894,"0"
13895,"1"
13896,"0"
13897,"1"
13898,"0"
13899,"0"
13900,"0"
13901,"1"
13902,"0"
13903,"1"
13904,"0"
13905,"1"
13906,"0"
13907,"1"
13908,"1"
13909,"0"
13910,"0"
13911,"1"
13912,"1"
13913,"0"
13914,"0"
13915,"0"
13916,"1"
13917,"0"
13918,"1"
13919,"1"
13920,"1"
13921,"1"
13922,"0"
13923,"0"
13924,"0"
13925,"0"
13926,"1"
13927,"1"
13928,"0"
13929,"1"
13930,"0"
13931,"1"
13932,"0"
13933,"0"
13934,"1"
13935,"1"
13936,"0"
13937,"0"
13938,"0"
13939,"0"
13940,"0"
13941,"0"
13942,"0"
13943,"1"
13944,"1"
13945,"0"
13946,"0"
13947,"1"
13948,"0"
13949,"0"
13950,"1"
13951,"0"
13952,"1"
13953,"1"
13954,"1"
13955,"0"
13956,"0"
13957,"0"
13958,"1"
13959,"0"
13960,"0"
13961,"0"
13962,"1"
13963,"1"
13964,"1"
13965,"0"
13966,"0"
13967,"1"
13968,"1"
13969,"0"
13970,"0"
13971,"0"
13972,"0"
13973,"0"
13974,"0"
13975,"0"
13976,"0"
13977,"0"
13978,"0"
13979,"0"
13980,"0"
13981,"0"
13982,"1"
13983,"0"
13984,"0"
13985,"0"
13986,"0"
13987,"0"
13988,"0"
13989,"1"
13990,"1"
13991,"1"
13992,"0"
13993,"0"
13994,"0"
13995,"0"
13996,"0"
13997,"1"
13998,"0"
13999,"0"
14000,"0"
14001,"0"
14002,"0"
14003,"0"
14004,"0"
14005,"0"
14006,"1"
14007,"0"
14008,"0"
14009,"1"
14010,"0"
14011,"0"
14012,"0"
14013,"0"
14014,"1"
14015,"0"
14016,"0"
14017,"0"
14018,"0"
14019,"1"
14020,"0"
14021,"1"
14022,"1"
14023,"1"
14024,"0"
14025,"0"
14026,"0"
14027,"0"
14028,"1"
14029,"0"
14030,"0"
14031,"0"
14032,"0"
14033,"0"
14034,"0"
14035,"1"
14036,"1"
14037,"0"
14038,"0"
14039,"1"
14040,"1"
14041,"1"
14042,"1"
14043,"0"
14044,"1"
14045,"1"
14046,"1"
14047,"0"
14048,"0"
14049,"1"
14050,"0"
14051,"1"
14052,"1"
14053,"0"
14054,"1"
14055,"1"
14056,"0"
14057,"1"
14058,"0"
14059,"0"
14060,"0"
14061,"0"
14062,"0"
14063,"0"
14064,"0"
14065,"0"
14066,"0"
14067,"0"
14068,"1"
14069,"1"
14070,"1"
14071,"1"
14072,"1"
14073,"0"
14074,"0"
14075,"1"
14076,"1"
14077,"0"
14078,"0"
14079,"0"
14080,"0"
14081,"0"
14082,"0"
14083,"0"
14084,"0"
14085,"1"
14086,"0"
14087,"0"
14088,"1"
14089,"0"
14090,"1"
14091,"0"
14092,"1"
14093,"1"
14094,"1"
14095,"1"
14096,"0"
14097,"0"
14098,"1"
14099,"1"
14100,"1"
14101,"1"
14102,"0"
14103,"0"
14104,"0"
14105,"0"
14106,"0"
14107,"0"
14108,"0"
14109,"0"
14110,"0"
14111,"0"
14112,"1"
14113,"0"
14114,"0"
14115,"0"
14116,"0"
14117,"0"
14118,"0"
14119,"0"
14120,"0"
14121,"0"
14122,"0"
14123,"1"
14124,"0"
14125,"1"
14126,"1"
14127,"0"
14128,"1"
14129,"0"
14130,"0"
14131,"0"
14132,"0"
14133,"0"
14134,"0"
14135,"0"
14136,"1"
14137,"0"
14138,"0"
14139,"0"
14140,"1"
14141,"1"
14142,"1"
14143,"1"
14144,"1"
14145,"0"
14146,"1"
14147,"0"
14148,"1"
14149,"0"
14150,"0"
14151,"0"
14152,"0"
14153,"0"
14154,"0"
14155,"1"
14156,"1"
14157,"1"
14158,"0"
14159,"0"
14160,"1"
14161,"0"
14162,"1"
14163,"0"
14164,"0"
14165,"1"
14166,"0"
14167,"0"
14168,"0"
14169,"0"
14170,"0"
14171,"0"
14172,"0"
14173,"1"
14174,"0"
14175,"0"
14176,"0"
14177,"0"
14178,"0"
14179,"0"
14180,"0"
14181,"0"
14182,"0"
14183,"0"
14184,"0"
14185,"0"
14186,"0"
14187,"0"
14188,"0"
14189,"0"
14190,"0"
14191,"0"
14192,"0"
14193,"0"
14194,"0"
14195,"0"
14196,"0"
14197,"0"
14198,"0"
14199,"0"
14200,"0"
14201,"0"
14202,"0"
14203,"1"
14204,"0"
14205,"0"
14206,"0"
14207,"0"
14208,"0"
14209,"1"
14210,"0"
14211,"0"
14212,"1"
14213,"1"
14214,"1"
14215,"0"
14216,"0"
14217,"0"
14218,"0"
14219,"0"
14220,"0"
14221,"0"
14222,"0"
14223,"0"
14224,"0"
14225,"1"
14226,"0"
14227,"0"
14228,"0"
14229,"1"
14230,"0"
14231,"1"
14232,"1"
14233,"0"
14234,"0"
14235,"1"
14236,"0"
14237,"0"
14238,"1"
14239,"0"
14240,"1"
14241,"0"
14242,"0"
14243,"0"
14244,"1"
14245,"0"
14246,"0"
14247,"0"
14248,"0"
14249,"0"
14250,"0"
14251,"1"
14252,"0"
14253,"1"
14254,"1"
14255,"1"
14256,"0"
14257,"0"
14258,"0"
14259,"0"
14260,"0"
14261,"0"
14262,"0"
14263,"1"
14264,"0"
14265,"0"
14266,"1"
14267,"1"
14268,"0"
14269,"0"
14270,"0"
14271,"1"
14272,"0"
14273,"0"
14274,"0"
14275,"0"
14276,"1"
14277,"0"
14278,"1"
14279,"0"
14280,"0"
14281,"0"
14282,"0"
14283,"0"
14284,"0"
14285,"0"
14286,"0"
14287,"0"
14288,"0"
14289,"0"
14290,"0"
14291,"0"
14292,"0"
14293,"1"
14294,"0"
14295,"1"
14296,"0"
14297,"0"
14298,"0"
14299,"0"
14300,"0"
14301,"1"
14302,"1"
14303,"1"
14304,"0"
14305,"1"
14306,"1"
14307,"1"
14308,"0"
14309,"0"
14310,"0"
14311,"0"
14312,"0"
14313,"1"
14314,"0"
14315,"0"
14316,"0"
14317,"0"
14318,"0"
14319,"0"
14320,"0"
14321,"0"
14322,"0"
14323,"0"
14324,"0"
14325,"1"
14326,"1"
14327,"1"
14328,"1"
14329,"0"
14330,"1"
14331,"0"
14332,"1"
14333,"1"
14334,"1"
14335,"0"
14336,"0"
14337,"0"
14338,"0"
14339,"1"
14340,"0"
14341,"0"
14342,"0"
14343,"1"
14344,"0"
14345,"1"
14346,"0"
14347,"0"
14348,"0"
14349,"0"
14350,"0"
14351,"0"
14352,"0"
14353,"1"
14354,"1"
14355,"0"
14356,"0"
14357,"0"
14358,"0"
14359,"1"
14360,"0"
14361,"1"
14362,"0"
14363,"0"
14364,"0"
14365,"0"
14366,"0"
14367,"0"
14368,"0"
14369,"0"
14370,"0"
14371,"1"
14372,"0"
14373,"1"
14374,"0"
14375,"1"
14376,"1"
14377,"1"
14378,"0"
14379,"1"
14380,"1"
14381,"1"
14382,"1"
14383,"0"
14384,"1"
14385,"1"
14386,"1"
14387,"0"
14388,"0"
14389,"1"
14390,"1"
14391,"0"
14392,"1"
14393,"1"
14394,"0"
14395,"0"
14396,"1"
14397,"0"
14398,"1"
14399,"1"
14400,"0"
14401,"0"
14402,"0"
14403,"0"
14404,"0"
14405,"0"
14406,"0"
14407,"0"
14408,"0"
14409,"1"
14410,"0"
14411,"0"
14412,"0"
14413,"0"
14414,"0"
14415,"1"
14416,"0"
14417,"0"
14418,"0"
14419,"0"
14420,"1"
14421,"0"
14422,"1"
14423,"0"
14424,"1"
14425,"0"
14426,"0"
14427,"1"
14428,"1"
14429,"0"
14430,"0"
14431,"1"
14432,"0"
14433,"1"
14434,"0"
14435,"0"
14436,"0"
14437,"0"
14438,"1"
14439,"0"
14440,"1"
14441,"0"
14442,"0"
14443,"0"
14444,"0"
14445,"0"
14446,"0"
14447,"0"
14448,"0"
14449,"0"
14450,"0"
14451,"0"
14452,"1"
14453,"0"
14454,"0"
14455,"0"
14456,"0"
14457,"0"
14458,"0"
14459,"0"
14460,"0"
14461,"0"
14462,"0"
14463,"0"
14464,"0"
14465,"1"
14466,"0"
14467,"0"
14468,"0"
14469,"1"
14470,"0"
14471,"0"
14472,"0"
14473,"0"
14474,"0"
14475,"0"
14476,"0"
14477,"0"
14478,"1"
14479,"1"
14480,"1"
14481,"0"
14482,"1"
14483,"1"
14484,"1"
14485,"1"
14486,"0"
14487,"0"
14488,"0"
14489,"1"
14490,"0"
14491,"1"
14492,"0"
14493,"0"
14494,"0"
14495,"0"
14496,"1"
14497,"0"
14498,"1"
14499,"0"
14500,"1"
14501,"0"
14502,"0"
14503,"0"
14504,"1"
14505,"0"
14506,"1"
14507,"0"
14508,"1"
14509,"0"
14510,"0"
14511,"0"
14512,"0"
14513,"0"
14514,"1"
14515,"1"
14516,"0"
14517,"0"
14518,"0"
14519,"0"
14520,"1"
14521,"0"
14522,"0"
14523,"0"
14524,"0"
14525,"0"
14526,"0"
14527,"1"
14528,"1"
14529,"1"
14530,"0"
14531,"1"
14532,"1"
14533,"0"
14534,"0"
14535,"0"
14536,"0"
14537,"0"
14538,"0"
14539,"0"
14540,"0"
14541,"1"
14542,"1"
14543,"1"
14544,"0"
14545,"1"
14546,"0"
14547,"0"
14548,"0"
14549,"0"
14550,"0"
14551,"0"
14552,"0"
14553,"0"
14554,"0"
14555,"0"
14556,"0"
14557,"0"
14558,"0"
14559,"0"
14560,"0"
14561,"1"
14562,"0"
14563,"0"
14564,"1"
14565,"1"
14566,"0"
14567,"1"
14568,"0"
14569,"0"
14570,"0"
14571,"0"
14572,"1"
14573,"0"
14574,"0"
14575,"0"
14576,"1"
14577,"0"
14578,"1"
14579,"1"
14580,"1"
14581,"0"
14582,"0"
14583,"0"
14584,"0"
14585,"1"
14586,"0"
14587,"0"
14588,"0"
14589,"1"
14590,"0"
14591,"1"
14592,"0"
14593,"0"
14594,"0"
14595,"0"
14596,"0"
14597,"0"
14598,"0"
14599,"0"
14600,"0"
14601,"0"
14602,"1"
14603,"0"
14604,"0"
14605,"0"
14606,"0"
14607,"0"
14608,"0"
14609,"0"
14610,"0"
14611,"0"
14612,"0"
14613,"0"
14614,"0"
14615,"0"
14616,"1"
14617,"0"
14618,"1"
14619,"0"
14620,"0"
14621,"0"
14622,"1"
14623,"0"
14624,"0"
14625,"1"
14626,"0"
14627,"0"
14628,"0"
14629,"0"
14630,"0"
14631,"0"
14632,"0"
14633,"0"
14634,"0"
14635,"0"
14636,"0"
14637,"0"
14638,"0"
14639,"0"
14640,"0"
14641,"0"
14642,"0"
14643,"0"
14644,"0"
14645,"0"
14646,"0"
14647,"0"
14648,"0"
14649,"0"
14650,"0"
14651,"0"
14652,"0"
14653,"0"
14654,"0"
14655,"0"
14656,"0"
14657,"0"
14658,"0"
14659,"0"
14660,"0"
14661,"0"
14662,"0"
14663,"0"
14664,"0"
14665,"0"
14666,"0"
14667,"0"
14668,"0"
14669,"0"
14670,"0"
14671,"0"
14672,"0"
14673,"1"
14674,"0"
14675,"0"
14676,"0"
14677,"0"
14678,"0"
14679,"0"
14680,"0"
14681,"1"
14682,"0"
14683,"0"
14684,"1"
14685,"0"
14686,"0"
14687,"0"
14688,"1"
14689,"0"
14690,"0"
14691,"0"
14692,"0"
14693,"0"
14694,"0"
14695,"0"
14696,"0"
14697,"0"
14698,"0"
14699,"0"
14700,"0"
14701,"0"
14702,"0"
14703,"0"
14704,"0"
14705,"0"
14706,"1"
14707,"0"
14708,"0"
14709,"0"
14710,"0"
14711,"0"
14712,"0"
14713,"0"
14714,"0"
14715,"0"
14716,"0"
14717,"1"
14718,"0"
14719,"0"
14720,"0"
14721,"0"
14722,"0"
14723,"0"
14724,"0"
14725,"0"
